{"cameraMode":{"drawMode":0,"name":"Shaded","section":"Shading Mode"},"sceneLighting":true,"audioPlay":false,"sceneViewState":{"showFog":true,"showMaterialUpdate":false,"showSkybox":true,"showFlares":true,"showImageEffects":true,"showParticleSystems":true,"showVisualEffectGraphs":true,"m_FxEnabled":true},"in2DMode":false,"pivot":{"x":-2.5433859825134279,"y":0.2335512489080429,"z":5.320112705230713},"rotation":{"x":-0.013793752528727055,"y":-0.04738032817840576,"z":0.0006545681389980018,"w":-0.9987818598747253},"size":3.2996599674224855,"orthographic":false}